
printing matrix....

id first_name last_name email gender ip_address
1 Isaak Badini ibadini0@histats.com Male 58.174.219.71
2 Marney Mifflin mmifflin1@imageshack.us Female 25.93.212.173
3 Dillie Levine dlevine2@comcast.net Male 55.118.27.33
4 Neale Basey nbasey3@vk.com Male 15.83.42.30
5 Margot Deeks mdeeks4@guardian.co.uk Female 71.223.115.251
6 Gwen Lapslie glapslie5@mashable.com Female 28.227.134.27
7 Shaughn Vokins svokins6@zdnet.com Male 206.1.34.157
8 Prentiss Peoples ppeoples7@columbia.edu Male 31.241.80.246
9 Correy Ransfield cransfield8@rambler.ru Male 94.223.168.25
10 Maryrose Lune mlune9@acquirethisname.com Female 85.103.67.41
11 Alisha Micheli amichelia@illinois.edu Female 136.144.125.2
12 Laure Sexstone lsexstoneb@de.vu Female 5.73.195.208
13 Noach Timmons ntimmonsc@gov.uk Male 69.74.248.13
14 Onfroi Giaomozzo ogiaomozzod@macromedia.com Male 48.15.44.34
15 Rurik Jolliss rjollisse@unc.edu Male 60.245.72.210
16 Clerkclaude Barrass cbarrassf@accuweather.com Male 174.132.181.248
17 Freddie Blais fblaisg@ca.gov Male 228.91.44.35
18 Natividad Candlin ncandlinh@google.com Female 151.79.127.236
19 Lorenzo Trowel ltroweli@ca.gov Male 59.239.54.78
20 Sergeant Clampin sclampinj@nih.gov Male 157.168.110.193
21 Brinn Pressland bpresslandk@blog.com Female 44.99.131.10
22 Wendel Lukins wlukinsl@drupal.org Male 251.44.92.2
23 Kristofor Townsend ktownsendm@sfgate.com Male 179.130.89.228
24 Husain Jurczik hjurczikn@cnet.com Male 157.72.252.46
25 Noll Joreau njoreauo@homestead.com Male 189.130.49.159
26 Richmound Harrold rharroldp@sitemeter.com Polygender 133.215.53.2
27 Biron Bax bbaxq@baidu.com Male 24.130.193.195
28 Josepha Pilmoor jpilmoorr@reference.com Female 192.199.26.238
29 Beverlee Kittoe bkittoes@nifty.com Bigender 247.171.28.96
30 Benedicto Farnaby bfarnabyt@ezinearticles.com Male 64.245.58.75
31 Mayne Elacoate melacoateu@intel.com Male 139.61.37.77
32 Brett Barrasse bbarrassev@princeton.edu Female 220.98.57.7
33 Hildagard Huckster hhucksterw@comsenz.com Female 51.69.45.43
34 Rakel Aslum raslumx@i2i.jp Female 62.176.28.245
35 Kienan Habard khabardy@taobao.com Male 143.199.76.141
36 Julietta Cottu jcottuz@vkontakte.ru Bigender 223.209.17.153
37 Emelda Norwich enorwich10@cmu.edu Female 119.112.133.143
38 Mohammed Scarrisbrick mscarrisbrick11@macromedia.com Male 79.243.252.102
39 Maiga Atterley matterley12@furl.net Female 254.48.82.71
40 Powell Schohier pschohier13@smh.com.au Male 38.35.177.52
41 Sergei Crebbin screbbin14@virginia.edu Male 201.72.189.7
42 Lark Reddihough lreddihough15@trellian.com Genderqueer 173.209.11.180
43 Sean Pitman spitman16@fotki.com Female 242.134.74.204
44 Dannel Hamshere dhamshere17@51.la Male 130.235.81.128
45 Bruis Lutton blutton18@blogspot.com Male 90.82.235.19
46 Neila Salamon nsalamon19@hubpages.com Non-binary 190.230.75.186
47 Jacqueline Caff jcaff1a@biglobe.ne.jp Female 239.227.92.67
48 Robbert Chazier rchazier1b@acquirethisname.com Male 107.81.44.90
49 Manny Wear mwear1c@twitpic.com Male 102.66.13.28
50 Cyndia Aspin caspin1d@theglobeandmail.com Female 225.189.232.28
51 Tiffany Myner tmyner1e@nature.com Female 131.214.252.241
52 Kaitlin Lothlorien klothlorien1f@ucoz.com Female 125.182.96.60
53 Dory Pozzi dpozzi1g@cocolog-nifty.com Female 243.211.213.225
54 Derrek Priscott dpriscott1h@bloglines.com Male 238.43.202.208
55 Kellby Giorgioni kgiorgioni1i@msu.edu Male 36.155.204.108
56 Chrisse Nelane cnelane1j@netlog.com Male 111.168.235.23
57 Berkie Fellgate bfellgate1k@digg.com Male 164.68.191.92
58 Reilly Benmore rbenmore1l@answers.com Male 124.180.22.119
59 Monah Leads mleads1m@aboutads.info Female 205.224.231.246
60 Lucio Vanne lvanne1n@ucoz.ru Male 120.137.81.250
61 Bentley Ashfold bashfold1o@wp.com Male 89.11.231.64
62 Carla Sherville csherville1p@tamu.edu Female 3.88.57.255
63 Anatollo Sadlier asadlier1q@tinyurl.com Male 202.20.164.187
64 Aretha Oulett aoulett1r@kickstarter.com Female 74.233.37.241
65 Toma Birchett tbirchett1s@hatena.ne.jp Female 87.102.137.12
66 Dorette Klousner dklousner1t@wordpress.com Female 224.23.117.106
67 Lauralee Wimmer lwimmer1u@alexa.com Female 72.35.154.11
68 Gradeigh Bradborne gbradborne1v@eepurl.com Male 148.15.250.225
69 Allianora Walley awalley1w@scientificamerican.com Female 105.15.142.136
70 Roseann Salvador rsalvador1x@constantcontact.com Female 172.90.180.125
71 Kasper Perillio kperillio1y@github.com Male 242.211.130.185
72 Elden Sanchiz esanchiz1z@ebay.co.uk Male 182.56.171.136
73 Letty Yurlov lyurlov20@irs.gov Female 136.40.15.5
74 Meredeth Gurge mgurge21@fc2.com Male 178.124.79.88
75 Jaime Fedynski jfedynski22@disqus.com Female 140.54.199.106
76 Felicio Coole fcoole23@google.nl Male 65.44.229.24
77 Marya Lipyeat mlipyeat24@senate.gov Female 71.82.168.144
78 Blythe Filipov bfilipov25@xrea.com Female 174.52.211.223
79 Petronia Jerrim pjerrim26@t-online.de Genderqueer 77.222.247.64
80 Roi Sentinella rsentinella27@tmall.com Male 138.186.232.6
81 Gannie Burgne gburgne28@clickbank.net Male 92.88.13.184
82 Meredith Finan mfinan29@epa.gov Male 82.96.4.80
83 Zena Morphey zmorphey2a@nationalgeographic.com Female 175.41.65.154
84 Patten Dorot pdorot2b@google.es Male 81.97.102.170
85 Corliss Armal carmal2c@dagondesign.com Female 132.210.12.129
86 Denny Ebbin debbin2d@msu.edu Male 104.71.194.109
87 Frasco Curzey fcurzey2e@jiathis.com Male 80.152.70.135
88 Clementia Stable cstable2f@biblegateway.com Female 123.74.52.53
89 Warner Pickerell wpickerell2g@kickstarter.com Male 166.49.119.117
90 Penelope Cornhill pcornhill2h@cbc.ca Female 177.219.117.192
91 Amalia Padillo apadillo2i@thetimes.co.uk Female 197.233.83.143
92 Georgeanne Eton geton2j@surveymonkey.com Female 113.243.102.184
93 Shanna Nott snott2k@mit.edu Female 55.199.17.38
94 Duffie Grog dgrog2l@w3.org Male 206.54.225.212
95 Lou Koba lkoba2m@google.com Male 25.231.82.64
96 Annetta Iannello aiannello2n@sun.com Female 152.230.220.133
97 Freddy Popescu fpopescu2o@friendfeed.com Male 107.175.147.165
98 Aleksandr Lavarack alavarack2p@drupal.org Male 30.161.165.131
99 Devin Hardisty dhardisty2q@dropbox.com Female 62.40.10.140
100 Vikky M'Quhan vmquhan2r@nytimes.com Polygender 13.120.190.177
101 Karlis Darlasson kdarlasson2s@shutterfly.com Male 121.24.194.65
102 Dorie Jolley djolley2t@google.co.jp Male 41.73.68.0
103 Rafaellle Toffano rtoffano2u@mac.com Male 45.161.216.229
104 Ozzy Dimock odimock2v@istockphoto.com Agender 69.131.253.78
105 Jase Jiggle jjiggle2w@blinklist.com Male 35.249.214.9
106 Adlai Lardner alardner2x@cnet.com Male 172.136.122.113
107 Benedicto Nary bnary2y@cdbaby.com Male 140.193.231.64
108 Stanleigh Nisbith snisbith2z@lulu.com Polygender 87.123.229.255
109 Guy Smalman gsmalman30@ft.com Male 117.77.7.44
110 Morgan Cortes mcortes31@wunderground.com Bigender 41.48.49.182
111 Ephrem Ronan eronan32@newsvine.com Male 60.80.233.126
112 Aymer Reightley areightley33@ycombinator.com Male 103.235.233.78
113 York Janas yjanas34@myspace.com Male 6.218.46.103
114 Arel Donovin adonovin35@umn.edu Male 244.154.141.145
115 Jefferey Varnes jvarnes36@redcross.org Male 16.108.8.219
116 Ada Kestle akestle37@archive.org Female 103.209.122.126
117 Elias Playfair eplayfair38@google.co.jp Male 41.35.201.207
118 Aveline Splevins asplevins39@xrea.com Female 86.227.65.46
119 Brenna Boothebie bboothebie3a@qq.com Female 234.143.59.40
120 Clevie Gero cgero3b@biglobe.ne.jp Male 232.141.115.161
121 Meyer Paulsen mpaulsen3c@tiny.cc Genderfluid 150.165.224.127
122 Tannie Goggey tgoggey3d@woothemes.com Male 129.40.161.57
123 Marthe De Lisle mdelisle3e@dell.com Agender 95.25.162.237
124 Faulkner Aberkirder faberkirder3f@ihg.com Non-binary 180.8.255.242
125 Janelle Geer jgeer3g@pagesperso-orange.fr Female 222.193.13.138
126 Sylvester St Clair sstclair3h@bizjournals.com Male 51.251.112.121
127 Alisander Brun abrun3i@ehow.com Male 242.153.245.130
128 Hew Briscoe hbriscoe3j@springer.com Male 2.91.207.80
129 Tybalt Colomb tcolomb3k@ucla.edu Male 62.22.96.188
130 Kristy Breward kbreward3l@china.com.cn Female 76.226.123.203
131 Aarika Carnilian acarnilian3m@com.com Female 34.38.52.81
132 Korey Ferrarotti kferrarotti3n@ehow.com Male 176.60.102.163
133 Juliette Deverell jdeverell3o@si.edu Female 246.22.74.2
134 Kenn Spilisy kspilisy3p@eepurl.com Male 3.239.129.188
135 Lamont Cato lcato3q@chron.com Male 127.20.12.94
136 Svend Golthorpp sgolthorpp3r@wikipedia.org Male 151.129.32.66
137 Leoine Jenno ljenno3s@de.vu Female 134.136.43.74
138 Henriette Rosin hrosin3t@bbb.org Genderqueer 129.214.211.80
139 Cirstoforo Thraves cthraves3u@ihg.com Male 241.179.254.197
140 Carlen Tibbetts ctibbetts3v@infoseek.co.jp Female 42.58.145.179
141 Cordell Duetschens cduetschens3w@51.la Male 53.172.187.57
142 Thacher Mackstead tmackstead3x@guardian.co.uk Male 4.133.136.254
143 Kitty Sarjant ksarjant3y@netlog.com Female 107.211.90.224
144 Frederich Beardow fbeardow3z@hatena.ne.jp Male 183.246.126.194
145 Willy Maffei wmaffei40@latimes.com Male 192.138.147.195
146 Massimiliano Grishagin mgrishagin41@aboutads.info Male 164.214.204.125
147 Dillie Comino dcomino42@technorati.com Male 80.161.35.191
148 Keri Pobjoy kpobjoy43@dyndns.org Female 181.214.175.28
149 Fax Seavers fseavers44@google.com.au Male 185.74.244.128
150 Ruthe Willerton rwillerton45@w3.org Female 22.90.79.123
151 Karoly MacAllaster kmacallaster46@desdev.cn Male 77.141.52.219
152 Jasen Latour jlatour47@springer.com Male 83.73.223.130
153 Aleece Pringour apringour48@cmu.edu Female 15.204.177.0
154 Darice Poli dpoli49@sogou.com Polygender 165.70.245.35
155 Imogene Beecraft ibeecraft4a@360.cn Non-binary 204.73.163.87
156 Serge Eccleshall seccleshall4b@tiny.cc Male 14.207.91.108
157 Karleen Lazarus klazarus4c@amazon.co.uk Female 107.184.108.135
158 Temp Raun traun4d@answers.com Male 191.109.177.239
159 Jesus Grigorian jgrigorian4e@ibm.com Male 175.112.200.207
160 Meade Comber mcomber4f@jigsy.com Male 144.144.209.238
161 Mathe Oury moury4g@odnoklassniki.ru Male 4.180.49.37
162 Rurik Runge rrunge4h@csmonitor.com Male 241.156.248.209
163 Fred Mitchener fmitchener4i@engadget.com Male 144.213.133.78
164 Hestia Cluett hcluett4j@is.gd Female 38.20.115.160
165 Monroe Scothron mscothron4k@weebly.com Male 66.87.225.122
166 Ali Llorente allorente4l@bloomberg.com Male 180.112.27.202
167 Gerhardt Sapseed gsapseed4m@si.edu Non-binary 34.183.160.152
168 Gustaf Montel gmontel4n@sciencedirect.com Male 250.170.88.130
169 Bernette Wasling bwasling4o@psu.edu Female 178.187.113.47
170 Carina Bardwell cbardwell4p@pcworld.com Female 46.143.195.59
171 Rand McLeman rmcleman4q@unicef.org Male 213.78.65.202
172 Ibbie MacKaig imackaig4r@sun.com Female 254.120.153.178
173 Darryl De Gogay ddegogay4s@people.com.cn Female 240.94.206.60
174 Jeremie Charle jcharle4t@amazon.co.uk Male 5.175.96.111
175 Joseph Balnaves jbalnaves4u@nba.com Male 170.21.153.246
176 Tana Grimmert tgrimmert4v@blinklist.com Female 131.145.242.65
177 Bendix Scini bscini4w@cocolog-nifty.com Male 38.160.112.92
178 Minerva Rickhuss mrickhuss4x@google.pl Female 106.135.122.137
179 Paul Troy ptroy4y@tripadvisor.com Genderqueer 35.93.245.253
180 Stafford Dyde sdyde4z@friendfeed.com Male 180.184.23.167
181 Nolly Burriss nburriss50@shareasale.com Male 206.27.29.146
182 Bennie Clewett bclewett51@yahoo.com Female 46.198.97.32
183 Alejoa McBayne amcbayne52@plala.or.jp Male 92.117.146.171
184 Yolanthe Struys ystruys53@soundcloud.com Bigender 96.129.227.178
185 Glendon Ghilardini gghilardini54@discuz.net Male 22.74.100.133
186 Maitilde Dore mdore55@theglobeandmail.com Female 50.147.235.67
187 Sansone Iveagh siveagh56@macromedia.com Genderfluid 168.165.152.185
188 Marena O' Gara mogara57@over-blog.com Genderqueer 19.159.124.85
189 Diandra Vaan dvaan58@mediafire.com Female 199.186.4.17
190 Gail Blackmoor gblackmoor59@nyu.edu Female 173.221.226.186
191 Ivor Silber isilber5a@npr.org Male 248.133.42.254
192 Lucian Markussen lmarkussen5b@de.vu Male 40.18.179.207
193 Ingram McDarmid imcdarmid5c@redcross.org Male 171.83.182.195
194 Flint Wasmer fwasmer5d@nytimes.com Male 201.171.235.131
195 Brittan Merchant bmerchant5e@stanford.edu Female 83.253.24.44
196 Belle Goodge bgoodge5f@shutterfly.com Female 183.18.125.13
197 Zachery Kinghorn zkinghorn5g@ehow.com Male 179.32.232.111
198 Rand Nance rnance5h@addtoany.com Male 127.150.199.212
199 Caralie Roseby croseby5i@uol.com.br Female 181.126.63.174
200 Vanda Welds vwelds5j@fema.gov Non-binary 50.229.129.151
201 Lonny Corro lcorro5k@cbslocal.com Male 50.3.244.159
202 Leandra Etchells letchells5l@surveymonkey.com Female 169.148.222.12
203 Avery Dring adring5m@linkedin.com Male 15.39.172.145
204 Nell Misselbrook nmisselbrook5n@mail.ru Female 71.95.224.74
205 Katerine Ancliffe kancliffe5o@nhs.uk Female 187.198.97.107
206 Maire McMorran mmcmorran5p@bizjournals.com Female 9.205.89.86
207 Dian Tremmil dtremmil5q@un.org Female 17.155.60.192
208 Daryl Chettoe dchettoe5r@timesonline.co.uk Male 13.109.74.74
209 Sharity Klementz sklementz5s@nasa.gov Female 93.202.95.126
210 Christie Rookesby crookesby5t@arstechnica.com Female 103.141.133.246
211 Sky Branscomb sbranscomb5u@omniture.com Male 161.81.67.110
212 Clem Corre ccorre5v@etsy.com Male 181.44.46.95
213 Benson Heinel bheinel5w@wp.com Male 195.76.199.180
214 Rose Darragon rdarragon5x@latimes.com Female 210.17.97.150
215 Erinna Brussell ebrussell5y@telegraph.co.uk Female 31.7.144.181
216 Gayelord Antognoni gantognoni5z@ft.com Male 67.1.149.233
217 Emmye Mullinder emullinder60@163.com Female 155.200.129.73
218 Taddeo Mithon tmithon61@nymag.com Male 78.240.109.51
219 Wit Petrasek wpetrasek62@ow.ly Male 112.66.239.137
220 Janeczka Phillipps jphillipps63@sciencedaily.com Female 100.58.167.141
221 Brandy Thumnel bthumnel64@ocn.ne.jp Male 125.163.230.132
222 Thalia Dowles tdowles65@woothemes.com Female 156.103.6.117
223 Fielding Bachnic fbachnic66@tmall.com Male 202.98.181.47
224 Freedman Boulter fboulter67@addtoany.com Male 97.55.133.216
225 Cindie Sondon csondon68@bandcamp.com Female 39.20.119.108
226 Lillis Agiolfinger lagiolfinger69@economist.com Female 134.180.38.222
227 Garnette Guille gguille6a@privacy.gov.au Female 209.11.158.203
228 Alexis Farrow afarrow6b@intel.com Female 96.43.123.132
229 Christoforo Skerman cskerman6c@mit.edu Genderfluid 198.4.95.83
230 Fletcher Spenceley fspenceley6d@seattletimes.com Male 31.111.124.75
231 Abel Ivashev aivashev6e@dmoz.org Male 83.25.88.160
232 Raven Mirrlees rmirrlees6f@google.nl Female 141.47.230.128
233 Germaine Tows gtows6g@pinterest.com Female 33.85.34.242
234 Gerard Braven gbraven6h@smugmug.com Male 232.108.216.233
235 Masha Mandal mmandal6i@gravatar.com Female 120.128.201.42
236 Justin Gerson jgerson6j@webeden.co.uk Male 187.144.138.15
237 Hatti Barkas hbarkas6k@zdnet.com Female 98.28.43.247
238 Jaynell Haggeth jhaggeth6l@pen.io Female 107.43.147.19
239 Cher Copestake ccopestake6m@japanpost.jp Female 247.85.216.66
240 Kin Plomer kplomer6n@answers.com Male 21.56.255.255
241 Thelma Jose tjose6o@eepurl.com Female 236.72.11.221
242 Hermy De Filippo hdefilippo6p@merriam-webster.com Male 133.71.46.34
243 Ange MacDermot amacdermot6q@e-recht24.de Female 165.23.133.210
244 Kathy Iiannoni kiiannoni6r@independent.co.uk Female 47.71.133.93
245 Paquito Laurentin plaurentin6s@nsw.gov.au Male 14.69.148.202
246 Zeb Bonn zbonn6t@nature.com Male 34.248.168.150
247 Cirilo Karpeev ckarpeev6u@list-manage.com Male 130.86.239.113
248 Mickey Scryne mscryne6v@apache.org Male 69.22.185.237
249 Saudra Vogele svogele6w@cmu.edu Female 80.189.68.75
250 Ana Fearnyough afearnyough6x@admin.ch Female 200.17.39.103
251 Bell Somerville bsomerville6y@patch.com Female 202.225.165.91
252 Margarette McCartney mmccartney6z@feedburner.com Female 194.142.89.19
253 Barde Cuddon bcuddon70@geocities.com Male 250.241.53.241
254 Horatius Abbots habbots71@artisteer.com Genderqueer 215.188.130.120
255 Rosa Prettejohns rprettejohns72@psu.edu Female 57.192.137.254
256 Robb Coburn rcoburn73@un.org Male 230.145.96.40
257 Arleen Miskelly amiskelly74@livejournal.com Female 98.195.254.70
258 Roxanna Pawlyn rpawlyn75@icq.com Genderfluid 122.248.161.239
259 Jenica Gaskall jgaskall76@homestead.com Female 33.250.139.226
260 Florence Neale fneale77@chronoengine.com Female 31.39.53.196
261 Even Dominichetti edominichetti78@issuu.com Male 153.109.106.21
262 Edsel Barley ebarley79@chicagotribune.com Male 115.140.65.238
263 Ashley Bodker abodker7a@ning.com Male 154.33.212.41
264 Alfons Skeech askeech7b@narod.ru Male 61.143.199.235
265 Jeannie Idel jidel7c@indiatimes.com Female 159.198.243.10
266 Brittaney Gautrey bgautrey7d@samsung.com Female 73.77.150.165
267 Wolfie Gomer wgomer7e@51.la Male 29.140.158.32
268 Carly Abrahart cabrahart7f@about.me Female 233.92.75.99
269 Hagan Giscken hgiscken7g@cdbaby.com Male 30.129.205.231
270 Belvia Baxendale bbaxendale7h@latimes.com Female 58.206.204.148
271 Ritchie Cordell rcordell7i@goo.ne.jp Agender 195.5.8.227
272 Bobbee Trineman btrineman7j@chronoengine.com Female 22.236.104.75
273 Patin Bottinelli pbottinelli7k@feedburner.com Male 240.7.37.205
274 Gayelord Caitlin gcaitlin7l@loc.gov Bigender 59.233.148.241
275 Pietra Quarless pquarless7m@dailymotion.com Female 53.55.72.3
276 Morie Huie mhuie7n@yahoo.com Male 112.22.83.172
277 Daryn Nekrews dnekrews7o@soundcloud.com Female 56.248.191.100
278 Annelise Fahrenbach afahrenbach7p@theatlantic.com Agender 21.47.149.199
279 Mariejeanne Spillman mspillman7q@phpbb.com Female 200.8.21.61
280 Agna Dodgson adodgson7r@unc.edu Female 165.116.124.102
281 Nikita Arpin narpin7s@360.cn Male 118.14.205.13
282 Jermaine Lau jlau7t@wunderground.com Genderfluid 29.90.244.136
283 Sara Allmark sallmark7u@cdbaby.com Female 235.219.107.175
284 Tania Staries tstaries7v@washington.edu Female 210.26.9.143
285 Blaire Coleson bcoleson7w@wikipedia.org Female 170.123.133.200
286 Antony Stride astride7x@amazonaws.com Male 161.88.136.66
287 Adrianna Fairhurst afairhurst7y@naver.com Female 162.79.175.138
288 Opalina Oda ooda7z@drupal.org Female 242.44.193.213
289 Erastus Gregson egregson80@yahoo.co.jp Male 237.86.80.196
290 Muhammad Doogue mdoogue81@slideshare.net Male 161.197.205.163
291 Aleda Burgane aburgane82@constantcontact.com Female 23.249.226.112
292 Kaylyn Baumer kbaumer83@cocolog-nifty.com Female 69.88.132.200
293 Gauthier Lowsely glowsely84@chicagotribune.com Agender 96.178.13.245
294 Berty Pollastrino bpollastrino85@shutterfly.com Male 145.176.159.71
295 Quill Tunnah qtunnah86@alibaba.com Male 169.181.223.27
296 Valle Yurkov vyurkov87@intel.com Male 77.40.126.191
297 Morie Drance mdrance88@mail.ru Male 125.54.56.102
298 Ervin Witherspoon ewitherspoon89@yolasite.com Male 206.83.123.123
299 Claudius Pollack cpollack8a@webmd.com Non-binary 215.246.69.93
300 Maureene Brickner mbrickner8b@npr.org Female 183.204.66.98
301 Merrily Hutcheon mhutcheon8c@prweb.com Female 161.28.95.24
302 Rube Dumelow rdumelow8d@dion.ne.jp Male 233.86.72.147
303 Etti Kuller ekuller8e@devhub.com Genderfluid 105.232.30.205
304 Pooh Awty pawty8f@umich.edu Genderfluid 214.111.106.223
305 Lark Reany lreany8g@ft.com Female 155.148.157.235
306 Mickie Dunniom mdunniom8h@sakura.ne.jp Female 93.38.6.116
307 Elspeth Godlonton egodlonton8i@adobe.com Female 112.25.234.50
308 Tremain McNalley tmcnalley8j@businessweek.com Male 120.100.22.148
309 Selia Joly sjoly8k@wiley.com Female 37.86.144.232
310 Tommie Iorio tiorio8l@nih.gov Male 172.126.108.226
311 Catlin Osanne cosanne8m@51.la Female 29.24.224.12
312 Valery McQuarrie vmcquarrie8n@diigo.com Female 57.190.39.133
313 Sancho Chalcroft schalcroft8o@pagesperso-orange.fr Male 238.21.239.22
314 Bartolomeo Almon balmon8p@google.com.hk Male 115.114.209.31
315 Cissiee Claughton cclaughton8q@diigo.com Female 82.27.47.248
316 Silva Hirsch shirsch8r@youtu.be Female 159.111.63.87
317 Alf Snoden asnoden8s@nature.com Male 246.126.118.242
318 Mahala Tibalt mtibalt8t@woothemes.com Female 58.207.24.67
319 Ange Haller ahaller8u@scientificamerican.com Female 207.122.56.193
320 Elysha Witson ewitson8v@behance.net Female 160.103.0.98
321 Cicely Mallett cmallett8w@wordpress.org Female 226.149.198.110
322 Sloan Sicily ssicily8x@fotki.com Male 87.35.244.91
323 Mamie Dunwoody mdunwoody8y@jiathis.com Female 15.233.102.92
324 Maxy Lavery mlavery8z@delicious.com Male 242.6.131.50
325 Ruthy Pargeter rpargeter90@wordpress.org Female 229.109.40.18
326 Dawna Reddyhoff dreddyhoff91@g.co Female 93.245.246.60
327 Jeffrey Horick jhorick92@fastcompany.com Male 85.152.85.196
328 Olin McIntee omcintee93@webnode.com Male 238.21.169.235
329 Glenn Duquesnay gduquesnay94@altervista.org Female 225.85.39.196
330 Dallis Hodgins dhodgins95@netscape.com Male 188.0.65.174
331 Tally Dagleas tdagleas96@dmoz.org Female 187.251.30.19
332 Verna Gergely vgergely97@csmonitor.com Bigender 36.95.165.183
333 Jeth Hunte jhunte98@bigcartel.com Male 186.70.66.23
334 Ezechiel Osbourne eosbourne99@thetimes.co.uk Bigender 33.66.77.231
335 Jeth Earengey jearengey9a@seattletimes.com Male 176.156.87.38
336 Fanechka Colum fcolum9b@privacy.gov.au Female 226.176.98.47
337 Janette Kondratovich jkondratovich9c@wufoo.com Female 18.125.81.9
338 Fifine Pegrum fpegrum9d@google.de Female 8.187.91.56
339 Rasla Rodliff rrodliff9e@51.la Female 227.216.118.166
340 Athena Farrar afarrar9f@desdev.cn Female 78.109.193.34
341 Shelley Baggalley sbaggalley9g@china.com.cn Female 71.92.180.34
342 Daryl Quigley dquigley9h@scientificamerican.com Male 49.141.164.245
343 Rosamond Derycot rderycot9i@vkontakte.ru Female 249.211.239.15
344 Chiquita Buse cbuse9j@intel.com Female 61.3.85.107
345 Dani Gregoriou dgregoriou9k@businessweek.com Male 32.206.197.69
346 Jasmina Rooksby jrooksby9l@blogtalkradio.com Non-binary 46.112.6.151
347 Lorrie Hobbert lhobbert9m@springer.com Female 186.36.220.203
348 Arly Maruska amaruska9n@arstechnica.com Genderfluid 173.19.241.143
349 Teresina Fernanando tfernanando9o@ucoz.com Female 248.52.250.133
350 Clara Darke cdarke9p@sohu.com Female 193.116.10.72
351 Ashly Toe atoe9q@nasa.gov Female 157.170.9.64
352 Rollo Mungan rmungan9r@ucoz.ru Male 212.52.197.197
353 Kermy Awcock kawcock9s@addtoany.com Male 47.148.141.98
354 Ardath Pagelsen apagelsen9t@ted.com Female 115.169.214.185
355 Brooks Maciaszczyk bmaciaszczyk9u@t.co Female 138.237.216.211
356 Jilleen Bracchi jbracchi9v@fema.gov Female 247.28.83.5
357 Mandel Frontczak mfrontczak9w@paginegialle.it Male 172.249.134.131
358 Roger Lapthorne rlapthorne9x@pen.io Genderqueer 219.86.77.245
359 Caria Jeannel cjeannel9y@hugedomains.com Female 129.99.20.231
360 Hallie Fowden hfowden9z@hostgator.com Female 154.220.254.253
361 Aridatha Mouton amoutona0@reuters.com Female 107.19.216.194
362 Iseabal Cowle icowlea1@google.it Female 69.232.5.15
363 Ricca Clark rclarka2@washington.edu Female 81.25.47.164
364 Raynard Huonic rhuonica3@google.ca Male 212.90.120.138
365 Stanly Brient sbrienta4@parallels.com Male 68.112.2.253
366 Barty Stace bstacea5@hhs.gov Male 112.255.183.227
367 Finley Swansborough fswansborougha6@liveinternet.ru Male 227.140.42.201
368 Lyn Widdowson lwiddowsona7@va.gov Female 40.174.107.234
369 Clari Cisar ccisara8@blog.com Female 150.201.163.132
370 Bertram Artiss bartissa9@psu.edu Polygender 159.45.147.212
371 Feliza Gunstone fgunstoneaa@mashable.com Female 193.226.20.87
372 Roderic Kears rkearsab@nifty.com Male 188.139.126.72
373 Eadie Creamen ecreamenac@psu.edu Female 208.241.81.204
374 Hannie Costerd hcosterdad@g.co Female 214.79.3.251
375 Walton Lumsdale wlumsdaleae@usa.gov Male 10.196.221.44
376 Panchito Picheford ppichefordaf@shareasale.com Male 208.93.4.217
377 Benson Emberson bembersonag@geocities.com Bigender 15.98.213.175
378 Elianore Lyttle elyttleah@amazon.com Female 43.144.250.226
379 Selia Kerner skernerai@jigsy.com Genderfluid 207.85.63.48
380 Wyatt Hail whailaj@ustream.tv Male 253.24.188.230
381 Caria Juckes cjuckesak@businessinsider.com Female 192.119.179.197
382 Ninnette Cranidge ncranidgeal@tripadvisor.com Non-binary 32.115.95.51
383 Zorana Blaker zblakeram@gmpg.org Female 172.194.175.28
384 Lisbeth McDermott lmcdermottan@163.com Female 47.254.125.156
385 Bobby Clyma bclymaao@msn.com Male 69.164.140.187
386 Dalton Sandcraft dsandcraftap@sfgate.com Male 237.181.175.251
387 Shalom Hallibone shalliboneaq@wunderground.com Male 207.42.105.226
388 Cort Lotze clotzear@army.mil Male 27.116.173.46
389 Emmett Courtese ecourteseas@imageshack.us Male 107.154.46.250
390 Raina Jertz rjertzat@buzzfeed.com Female 67.102.228.164
391 Maire Donald mdonaldau@upenn.edu Female 89.85.235.164
392 Guinna Prothero gprotheroav@wp.com Female 168.80.191.155
393 Daryle Sergeant dsergeantaw@ihg.com Male 101.104.226.23
394 Roshelle Chaff rchaffax@wordpress.com Female 3.174.176.252
395 Anya Dany adanyay@ebay.com Female 91.190.80.20
396 Daisy Aronson daronsonaz@php.net Female 98.53.238.67
397 Ibbie Nettleship inettleshipb0@who.int Female 193.142.199.18
398 Loren Hamments lhammentsb1@ucla.edu Male 186.2.150.175
399 Janina Poundsford jpoundsfordb2@theguardian.com Female 16.100.143.234
400 Nappie Pollard npollardb3@mtv.com Male 159.76.113.214
401 Court Sange csangeb4@tamu.edu Agender 135.231.84.34
402 Locke Ackers lackersb5@cnn.com Male 0.121.13.9
403 Ike Curnok icurnokb6@tuttocitta.it Male 251.148.244.132
404 Sephira Grier sgrierb7@flavors.me Female 115.11.205.203
405 Abramo Spadeck aspadeckb8@tuttocitta.it Male 121.245.78.108
406 Rosaline Guillotin rguillotinb9@redcross.org Female 196.172.255.184
407 Korrie Massimi kmassimiba@mysql.com Female 32.222.130.108
408 Chris Deniseau cdeniseaubb@mail.ru Male 252.30.117.202
409 Samaria Gislebert sgislebertbc@yale.edu Genderqueer 78.179.179.214
410 Theo Dreakin tdreakinbd@ask.com Male 67.137.101.106
411 Feliks Dawidowsky fdawidowskybe@ovh.net Bigender 89.107.57.228
412 Edd Nasey enaseybf@sciencedirect.com Male 164.89.50.34
413 Clementine Steaning csteaningbg@sogou.com Female 4.26.1.120
414 Edith Coombs ecoombsbh@google.co.jp Female 17.169.153.195
415 Loralee Gudgeon lgudgeonbi@blogs.com Female 149.41.156.248
416 Worthington Cicchinelli wcicchinellibj@homestead.com Male 79.63.126.196
417 Kally Hankard khankardbk@dagondesign.com Genderqueer 247.131.165.134
418 Myrtia Killgus mkillgusbl@dot.gov Female 159.211.118.112
419 Sinclare Batte sbattebm@sourceforge.net Male 140.114.8.96
420 Rosie Ferrillo rferrillobn@fda.gov Female 156.162.106.129
421 Irwinn Sandells isandellsbo@amazon.co.uk Male 94.182.211.154
422 Willy Vondrasek wvondrasekbp@uiuc.edu Female 45.102.52.36
423 Leeland Bakhrushin lbakhrushinbq@psu.edu Male 207.151.99.190
424 Julissa Scoles jscolesbr@exblog.jp Female 112.3.0.106
425 Delmer Ingold dingoldbs@pen.io Male 88.177.157.134
426 Rickard Coniam rconiambt@blogspot.com Male 169.179.243.213
427 Evelyn Sarfat esarfatbu@independent.co.uk Male 74.238.1.170
428 Shanon Banthorpe sbanthorpebv@mashable.com Non-binary 180.217.68.79
429 Aimil Maggiori amaggioribw@yelp.com Polygender 34.179.213.72
430 Luz Brinded lbrindedbx@amazon.co.uk Female 16.114.220.74
431 Ashely Border aborderby@technorati.com Female 51.98.46.253
432 Garrett Denys gdenysbz@blinklist.com Male 112.63.54.86
433 Donny Cotte dcottec0@comcast.net Male 111.3.191.41
434 Callean Estable cestablec1@eventbrite.com Male 188.80.24.2
435 Karlan Marcos kmarcosc2@pbs.org Male 199.233.40.247
436 Lilllie Corten lcortenc3@theatlantic.com Female 162.147.37.19
437 Gawen Proudman gproudmanc4@usatoday.com Male 193.44.228.216
438 Catrina Gawith cgawithc5@pbs.org Female 11.171.184.30
439 Jasen Shoemark jshoemarkc6@fema.gov Male 247.225.247.214
440 Daphene Yoskowitz dyoskowitzc7@amazonaws.com Polygender 2.32.229.111
441 Betteann Dockrey bdockreyc8@epa.gov Female 7.49.188.160
442 Adara Dunlea adunleac9@sfgate.com Female 177.238.200.32
443 Sisile Simoncini ssimoncinica@nymag.com Female 84.90.79.80
444 Stuart Mateu smateucb@apple.com Male 100.251.77.140
445 Adi Haskey ahaskeycc@upenn.edu Female 123.130.140.240
446 Gale Dowrey gdowreycd@weibo.com Female 230.93.62.233
447 Saudra Waison swaisonce@lycos.com Female 233.159.125.163
448 Edvard Goulding egouldingcf@indiegogo.com Male 156.2.13.61
449 Debby Lancaster dlancastercg@soup.io Female 133.49.213.147
450 Thorstein Faucherand tfaucherandch@imgur.com Male 70.86.229.130
451 Florenza Alwood falwoodci@lulu.com Genderqueer 17.53.101.136
452 Syman Brailey sbraileycj@noaa.gov Polygender 196.78.66.147
453 Goldi Antoniottii gantoniottiick@webeden.co.uk Female 77.222.196.235
454 Sherlock Bettenay sbettenaycl@npr.org Male 136.156.178.65
455 Hogan Parslow hparslowcm@webnode.com Male 156.97.216.243
456 Jenica Anstiss janstisscn@imgur.com Female 102.174.137.167
457 Brody Otteridge botteridgeco@rakuten.co.jp Male 246.211.33.17
458 Claybourne Bredes cbredescp@mozilla.com Male 147.26.64.155
459 Richy Tonkinson rtonkinsoncq@timesonline.co.uk Male 142.161.55.143
460 Reg Rao rraocr@alexa.com Male 8.245.22.232
461 Katharine Fardell kfardellcs@irs.gov Female 182.163.240.213
462 Mayor Abrey mabreyct@hatena.ne.jp Male 178.166.227.46
463 Gabriele Hannabuss ghannabusscu@hibu.com Genderqueer 11.247.20.162
464 Prinz Titmarsh ptitmarshcv@icq.com Male 160.132.101.135
465 Nigel Arntzen narntzencw@livejournal.com Male 246.97.206.226
466 Grantham Friese gfriesecx@ucla.edu Male 101.129.80.92
467 Korney Henricsson khenricssoncy@youku.com Female 75.65.217.198
468 Stacia Dimbylow sdimbylowcz@admin.ch Female 92.128.128.114
469 Hermy Gorvette hgorvetted0@wunderground.com Male 1.121.107.141
470 Sarina McGreal smcgreald1@comcast.net Female 89.230.48.41
471 Sanson Minor sminord2@blog.com Male 15.28.19.189
472 Jackqueline Cottesford jcottesfordd3@yandex.ru Female 145.115.24.57
473 Julissa Weddup jweddupd4@github.io Female 173.227.46.4
474 Charo Adamsson cadamssond5@google.com.au Female 28.110.100.100
475 Norma Geaveny ngeavenyd6@google.co.jp Polygender 80.117.242.118
476 Roddie Attwood rattwoodd7@hao123.com Male 24.78.97.11
477 Lizzy Anthiftle lanthiftled8@biglobe.ne.jp Female 243.39.127.227
478 Meris Kroin mkroind9@redcross.org Female 101.192.199.75
479 Fran Conlon fconlonda@wp.com Female 31.55.147.174
480 Tommi Wratten twrattendb@tripadvisor.com Female 111.94.238.62
481 Darius Bunworth dbunworthdc@bing.com Male 197.155.195.197
482 Artair Chidzoy achidzoydd@cpanel.net Male 27.77.114.196
483 Jenda Hanse jhansede@g.co Female 18.197.157.159
484 Thayne Proske tproskedf@a8.net Male 37.81.169.243
485 Hartwell Simecek hsimecekdg@businessweek.com Male 122.99.136.39
486 Con Frowing cfrowingdh@topsy.com Male 238.245.83.48
487 Kelly Wigley kwigleydi@vistaprint.com Female 226.179.48.77
488 Ximenes MacSharry xmacsharrydj@google.com.hk Male 56.165.153.96
489 Taffy Vannikov tvannikovdk@spiegel.de Female 116.48.224.99
490 Khalil Winnister kwinnisterdl@gnu.org Male 249.106.47.146
491 Druci Probyn dprobyndm@biblegateway.com Female 205.244.127.40
492 El Baurerich ebaurerichdn@cornell.edu Male 67.205.114.2
493 Augusta Ramel arameldo@sciencedaily.com Female 240.166.188.29
494 Doro Rudolph drudolphdp@jigsy.com Female 160.174.33.213
495 Eddie Rocks erocksdq@infoseek.co.jp Male 31.122.177.92
496 Royall Berling rberlingdr@oracle.com Male 80.231.103.23
497 Dion Cavilla dcavillads@xinhuanet.com Male 47.105.208.44
498 Emmalyn Mynard emynarddt@people.com.cn Female 144.131.242.53
499 Cleopatra Bethel cbetheldu@wufoo.com Female 177.0.170.110
500 Eveleen Godwyn egodwyndv@cam.ac.uk Female 248.6.14.25
501 Hertha Duigenan hduigenandw@java.com Female 99.1.8.113
502 Odelinda Vanstone ovanstonedx@google.pl Non-binary 111.238.124.180
503 Sara Bloggett sbloggettdy@home.pl Female 218.59.14.4
504 Kyle Sekulla ksekulladz@joomla.org Male 243.119.189.238
505 Rees Lempertz rlempertze0@twitpic.com Male 187.31.99.87
506 Dasi Gilding dgildinge1@tiny.cc Female 173.242.164.136
507 Carie Comfort ccomforte2@alexa.com Female 233.78.246.120
508 Foss Mantz fmantze3@sogou.com Male 42.161.92.104
509 Earl Hatherall ehatheralle4@gizmodo.com Non-binary 143.199.58.213
510 Antonella Wilcot awilcote5@ft.com Female 232.103.152.53
511 Chiarra De Giorgis cdegiorgise6@cbsnews.com Female 27.96.137.170
512 Fabio Duffer fduffere7@fotki.com Male 10.99.56.163
513 Levey Andreotti landreottie8@reference.com Bigender 97.102.197.12
514 Crystie Turpey cturpeye9@ustream.tv Female 253.165.155.140
515 Tremain Crowder tcrowderea@europa.eu Male 68.107.45.19
516 Morry Rosser mrossereb@gravatar.com Male 98.237.104.104
517 Tyson Turneaux tturneauxec@sbwire.com Male 50.109.244.230
518 Tommi Chamberlaine tchamberlaineed@meetup.com Female 120.186.233.170
519 Patrice Akid pakidee@privacy.gov.au Female 83.12.229.108
520 Rick Keenlayside rkeenlaysideef@liveinternet.ru Male 173.133.237.50
521 Haily Petschelt hpetschelteg@prweb.com Male 40.102.105.217
522 Tate Warbey twarbeyeh@google.com.au Female 226.232.89.99
523 Augustine Brimblecomb abrimblecombei@cbc.ca Male 120.17.237.96
524 Brion Schurcke bschurckeej@soundcloud.com Male 228.47.191.225
525 Mortimer Chessman mchessmanek@mashable.com Male 84.55.61.127
526 Wenda Gemelli wgemelliel@craigslist.org Female 175.86.123.248
527 Matt Trattles mtrattlesem@cnn.com Agender 175.28.55.94
528 Philbert Ottosen pottosenen@angelfire.com Male 240.90.165.243
529 Flore Skiplorne fskiplorneeo@yellowbook.com Genderqueer 44.157.139.165
530 Breanne Trussler btrusslerep@lulu.com Female 113.64.194.178
531 Jeralee Fallanche jfallancheeq@shareasale.com Female 5.119.11.219
532 Shanda Peinke speinkeer@topsy.com Female 74.224.42.170
533 Flory Bestall fbestalles@edublogs.org Female 62.90.79.194
534 Willyt Spire wspireet@globo.com Female 237.207.166.226
535 Malissa Greenshields mgreenshieldseu@hhs.gov Polygender 202.60.12.52
536 Roddy Nowaczyk rnowaczykev@zimbio.com Male 210.81.11.170
537 Marget Forth mforthew@nyu.edu Female 88.17.43.9
538 Cami Streeter cstreeterex@wordpress.org Female 167.118.138.66
539 Lorita Lapish llapishey@harvard.edu Female 227.44.45.110
540 Laetitia Pelling lpellingez@vkontakte.ru Female 184.104.191.20
541 Sax Leadstone sleadstonef0@dion.ne.jp Genderqueer 12.153.1.254
542 Ethelred Edscer eedscerf1@scribd.com Male 233.60.209.17
543 Alastair Edmands aedmandsf2@hexun.com Male 213.187.118.23
544 Yelena Wheway ywhewayf3@wordpress.org Female 162.0.60.227
545 Kata Knocker kknockerf4@loc.gov Female 204.42.208.75
546 Joannes Kubu jkubuf5@google.ca Genderfluid 10.57.118.138
547 Ulla Goreway ugorewayf6@feedburner.com Female 52.149.125.99
548 Othilia Scotland oscotlandf7@is.gd Female 225.197.32.64
549 Stearne Luchetti sluchettif8@studiopress.com Male 39.167.205.129
550 Fanni Brotherwood fbrotherwoodf9@github.io Female 50.98.72.174
551 Marianna Hoodlass mhoodlassfa@telegraph.co.uk Female 103.176.76.68
552 Godart Perrottet gperrottetfb@amazon.co.jp Male 182.56.175.125
553 Ava Duerdin aduerdinfc@about.me Female 239.23.171.223
554 Hercules Gieraths hgierathsfd@auda.org.au Male 183.146.230.71
555 Raven Hurrion rhurrionfe@fda.gov Female 46.146.178.222
556 Bathsheba Quibell bquibellff@kickstarter.com Female 236.238.38.72
557 Desmund Kelshaw dkelshawfg@de.vu Male 112.216.182.220
558 Reyna Paynes rpaynesfh@cmu.edu Female 160.46.36.135
559 Tobias Dixcee tdixceefi@imdb.com Male 65.195.66.28
560 Zorah Garnsey zgarnseyfj@nytimes.com Female 46.4.80.180
561 Stillman Howett showettfk@census.gov Male 173.193.43.126
562 Conni Delacroux cdelacrouxfl@fotki.com Female 94.237.62.156
563 Cecil Prettyjohns cprettyjohnsfm@domainmarket.com Male 64.156.151.105
564 Leisha Fiennes lfiennesfn@jalbum.net Female 82.85.13.122
565 Marjory Skully mskullyfo@yale.edu Female 78.191.65.58
566 David Nanuccioi dnanuccioifp@toplist.cz Male 214.192.227.101
567 De Bolles dbollesfq@feedburner.com Female 255.19.134.149
568 Delphine Prigmore dprigmorefr@rediff.com Female 133.114.68.77
569 Mellicent Downes mdownesfs@hhs.gov Female 216.97.72.234
570 Demott Eddicott deddicottft@hud.gov Male 88.148.244.79
571 Ardenia Sebright asebrightfu@moonfruit.com Female 210.180.248.193
572 Emmerich Gronno egronnofv@prlog.org Male 104.186.41.161
573 Pam Orchard porchardfw@alibaba.com Female 34.7.8.40
574 Richard Whorton rwhortonfx@wordpress.org Non-binary 158.26.31.153
575 Emmet Sire esirefy@networkadvertising.org Male 251.224.140.211
576 Eugenie Lardiner elardinerfz@posterous.com Female 83.237.254.78
577 Westbrook Bascomb wbascombg0@go.com Male 244.36.123.91
578 See Dowd sdowdg1@sciencedaily.com Male 46.143.209.137
579 Mortimer Roizn mroizng2@thetimes.co.uk Male 135.47.35.235
580 Paige Santello psantellog3@opensource.org Female 252.250.97.14
581 Tobe Ubach tubachg4@oracle.com Male 22.89.185.122
582 Dani Percy dpercyg5@adobe.com Bigender 221.162.44.37
583 Gail Pratley gpratleyg6@weibo.com Female 10.203.30.43
584 Forrest Brackstone fbrackstoneg7@jigsy.com Male 83.38.202.6
585 Broddie Bendan bbendang8@freewebs.com Male 45.89.30.100
586 Darbie Courtman dcourtmang9@jimdo.com Female 61.30.249.223
587 Terrel McElroy tmcelroyga@buzzfeed.com Male 219.65.74.186
588 Jervis Kinchlea jkinchleagb@hhs.gov Agender 54.103.49.67
589 Elora LLelweln ellelwelngc@walmart.com Female 243.11.250.30
590 Sonny Hodcroft shodcroftgd@google.ca Male 226.151.212.102
591 Delmar Pellitt dpellittge@trellian.com Male 111.35.67.5
592 Conni Wyne cwynegf@amazon.co.jp Female 195.27.88.141
593 Cornelle Deener cdeenergg@fda.gov Female 133.32.77.83
594 Sibby Reavey sreaveygh@etsy.com Female 47.159.36.3
595 La verne Oade loadegi@ezinearticles.com Genderqueer 122.101.204.239
596 Clement Jamot cjamotgj@telegraph.co.uk Male 174.167.171.156
597 Blakelee Scipsey bscipseygk@senate.gov Female 162.236.248.172
598 Levon Guido lguidogl@dailymotion.com Male 44.19.161.1
599 Karylin Karolczyk kkarolczykgm@ask.com Female 144.219.143.233
600 Gwendolen Braxay gbraxaygn@1688.com Polygender 163.86.32.232
601 Essy Braunfeld ebraunfeldgo@odnoklassniki.ru Female 241.70.196.61
602 Bryan Bounds bboundsgp@purevolume.com Male 77.77.48.196
603 Ike Tulk itulkgq@hubpages.com Male 11.21.103.58
604 Gael Wathall gwathallgr@about.me Female 45.61.148.24
605 Hyacinth Goodall hgoodallgs@miitbeian.gov.cn Female 10.113.6.45
606 Alfie Findlow afindlowgt@shop-pro.jp Female 101.103.71.82
607 Veronica Humphery vhumpherygu@reverbnation.com Female 138.154.142.43
608 Emera Stollmeier estollmeiergv@pbs.org Non-binary 214.250.98.110
609 Budd Cappineer bcappineergw@cocolog-nifty.com Male 122.36.11.243
610 Jabez Sturzaker jsturzakergx@theguardian.com Male 108.235.254.45
611 Von Nockells vnockellsgy@businessinsider.com Male 162.193.76.170
612 Bryon Carlon bcarlongz@g.co Male 0.88.41.89
613 Pavel Biskupek pbiskupekh0@t-online.de Male 212.165.91.170
614 Carla Franzonetti cfranzonettih1@joomla.org Polygender 127.139.101.174
615 Roxy Elington relingtonh2@mtv.com Female 248.66.225.8
616 Sibylle Mulrooney smulrooneyh3@usda.gov Female 40.128.238.23
617 Misti Drury mdruryh4@scientificamerican.com Female 99.180.214.123
618 Yolane Guillou yguillouh5@walmart.com Female 82.106.33.95
619 Erek McGiveen emcgiveenh6@free.fr Male 218.74.208.28
620 Rabbi Sivyer rsivyerh7@digg.com Male 229.25.199.163
621 Luis Haldenby lhaldenbyh8@nytimes.com Male 194.186.217.143
622 Diego Pentelo dpenteloh9@wordpress.com Male 96.100.240.112
623 Archibold Chesney achesneyha@twitter.com Male 75.152.15.21
624 Jasmine Scoullar jscoullarhb@ezinearticles.com Female 77.186.145.18
625 Annmaria Keiley akeileyhc@netvibes.com Female 66.136.52.90
626 Kylen Olerenshaw kolerenshawhd@theguardian.com Female 146.104.141.183
627 Anthe Larvor alarvorhe@craigslist.org Female 52.201.167.18
628 Prudy Muff pmuffhf@tripod.com Female 220.241.146.26
629 Charlotta Jerg cjerghg@npr.org Female 228.252.152.153
630 Celestina Burkin cburkinhh@homestead.com Bigender 131.124.15.122
631 Constantin McCluskey cmccluskeyhi@cnet.com Male 72.254.192.82
632 Germain Grubey ggrubeyhj@1und1.de Genderfluid 21.225.16.247
633 Jerald Kenafaque jkenafaquehk@woothemes.com Male 13.32.196.51
634 Trumaine McKennan tmckennanhl@ifeng.com Male 117.5.142.98
635 Harp Dinsell hdinsellhm@1und1.de Male 126.119.31.217
636 Elroy Petrescu epetrescuhn@gnu.org Male 207.191.79.141
637 Monique Husher mhusherho@fastcompany.com Polygender 80.144.185.55
638 Stirling Najera snajerahp@yandex.ru Male 55.42.202.173
639 Irwinn Priestley ipriestleyhq@sohu.com Male 42.212.6.33
640 Bertrand Bartalot bbartalothr@joomla.org Male 87.14.178.131
641 Hynda Code hcodehs@tiny.cc Female 174.63.10.241
642 Eben Thiolier ethiolierht@creativecommons.org Non-binary 228.165.226.189
643 Corny Pregal cpregalhu@adobe.com Female 77.90.93.37
644 Nertie Faire nfairehv@gov.uk Female 100.35.221.231
645 Christiana Farguhar cfarguharhw@telegraph.co.uk Female 222.184.227.253
646 Shirlee Repper srepperhx@nih.gov Female 142.127.179.189
647 Joscelin Mosey jmoseyhy@walmart.com Female 97.56.107.142
648 Montgomery Augustus maugustushz@cnn.com Male 111.153.222.126
649 Elise Choldcroft echoldcrofti0@twitpic.com Female 155.162.33.8
650 Raine Tollow rtollowi1@paginegialle.it Non-binary 120.239.251.141
651 Sissy Couve scouvei2@free.fr Bigender 128.48.223.108
652 Libby Izsak lizsaki3@php.net Non-binary 109.223.119.67
653 Dinny Riddle driddlei4@posterous.com Non-binary 74.229.47.105
654 Aarika Morrall amorralli5@digg.com Female 198.150.201.93
655 Tann Redmell tredmelli6@army.mil Male 16.240.27.36
656 Berti Kitchingman bkitchingmani7@squarespace.com Female 244.144.121.100
657 Marigold Maestrini mmaestrinii8@tinypic.com Female 100.82.115.215
658 Krista Decruse kdecrusei9@nhs.uk Female 0.13.22.203
659 Madlen Sottell msottellia@joomla.org Female 48.90.7.115
660 Ricki Gemlett rgemlettib@scribd.com Agender 31.40.203.27
661 Ingaborg Goulborne igoulborneic@a8.net Female 9.54.169.19
662 Bessy Lerwill blerwillid@lulu.com Female 144.139.90.106
663 Buckie Windram bwindramie@freewebs.com Male 17.129.141.108
664 Trever Innocent tinnocentif@wp.com Male 223.82.186.192
665 Welsh Yablsley wyablsleyig@wikipedia.org Male 31.191.41.146
666 Boycey Lippitt blippittih@cocolog-nifty.com Male 79.214.30.86
667 Josey Fitzsymonds jfitzsymondsii@360.cn Female 150.41.220.88
668 Viola Hevner vhevnerij@cdbaby.com Female 5.241.197.39
669 Sasha Donaway sdonawayik@opensource.org Male 148.98.244.232
670 Fowler Comolli fcomolliil@quantcast.com Male 19.3.203.65
671 Casi Turbat cturbatim@arstechnica.com Female 105.118.178.111
672 Anabelle Regardsoe aregardsoein@icio.us Female 185.44.139.183
673 Knox Thorald kthoraldio@simplemachines.org Male 92.53.41.60
674 Matilda Lindbergh mlindberghip@is.gd Female 230.166.28.68
675 Linea Sweetsur lsweetsuriq@github.io Female 226.51.1.129
676 Jaime Crowcum jcrowcumir@howstuffworks.com Male 22.207.223.171
677 Suellen Youngs syoungsis@de.vu Female 221.13.139.127
678 Vladimir Follos vfollosit@nydailynews.com Male 198.225.234.9
679 Kerry Woolaston kwoolastoniu@senate.gov Male 144.11.101.75
680 Perren Potkins ppotkinsiv@icio.us Male 15.154.175.21
681 Kane Baytrop kbaytropiw@dot.gov Male 219.186.93.126
682 Bartram Boulding bbouldingix@acquirethisname.com Male 234.181.189.211
683 Northrop Toomer ntoomeriy@bbb.org Male 222.25.115.89
684 Andres Oxbie aoxbieiz@java.com Male 61.94.180.197
685 Anthe Libbey alibbeyj0@tripod.com Polygender 210.175.208.43
686 Carly Cassel ccasselj1@mapquest.com Male 156.219.254.246
687 Porty Belsher pbelsherj2@foxnews.com Male 61.122.46.184
688 Hank MacDearmid hmacdearmidj3@example.com Male 114.108.228.98
689 Lionel Waldram lwaldramj4@xing.com Non-binary 154.12.75.94
690 Helenka Moston hmostonj5@google.com Female 45.96.116.112
691 Ellen Robbings erobbingsj6@ibm.com Female 169.198.80.97
692 Anabelle Tejada atejadaj7@multiply.com Female 2.204.8.230
693 Nolly Ibeson nibesonj8@dell.com Male 121.203.122.7
694 Richmond Brosh rbroshj9@discuz.net Male 192.165.251.148
695 Dorthea Assinder dassinderja@paypal.com Female 106.131.156.54
696 Barrie Crowest bcrowestjb@globo.com Male 43.183.92.250
697 Whitby Maasz wmaaszjc@macromedia.com Male 122.171.241.97
698 Cathrine Meier cmeierjd@blogtalkradio.com Female 105.79.253.212
699 Mickie Winmill mwinmillje@cbslocal.com Female 13.23.249.87
700 Blake Lindenboim blindenboimjf@marketwatch.com Female 149.124.77.182
701 Graig Yitzhok gyitzhokjg@whitehouse.gov Male 23.252.54.9
702 Micah Mantrup mmantrupjh@uiuc.edu Male 102.2.92.134
703 Jennette Rutherforth jrutherforthji@unblog.fr Female 37.17.12.179
704 Gavra Nuschke gnuschkejj@webmd.com Female 243.138.190.157
705 Gladi Abbess gabbessjk@mapy.cz Female 173.182.217.237
706 Washington Atcock watcockjl@linkedin.com Male 105.81.222.253
707 Lorry Deaves ldeavesjm@sciencedaily.com Male 22.125.67.243
708 Meier Cavey mcaveyjn@dailymotion.com Male 10.200.116.75
709 Tonnie Rawcliffe trawcliffejo@cdbaby.com Agender 86.136.111.102
710 Arther Neeves aneevesjp@google.it Male 130.252.223.246
711 Oriana Johnston ojohnstonjq@acquirethisname.com Female 34.130.170.214
712 Galven Brader gbraderjr@mapy.cz Male 69.21.240.139
713 Heindrick Moncreiffe hmoncreiffejs@mashable.com Male 94.127.210.140
714 Vincenz Riddock vriddockjt@webnode.com Male 89.194.224.67
715 Kahlil Cardenas kcardenasju@mediafire.com Male 64.192.98.6
716 Sidonnie Hayle shaylejv@bluehost.com Female 112.0.46.142
717 Evelyn Hollyard ehollyardjw@newyorker.com Female 173.74.138.119
718 Wolfie Wissbey wwissbeyjx@hexun.com Male 201.48.80.199
719 Ferne Mertin fmertinjy@over-blog.com Female 178.13.165.53
720 Raoul Mathes rmathesjz@ox.ac.uk Male 215.150.248.54
721 Cyrillus Dorking cdorkingk0@tamu.edu Male 7.62.137.158
722 Francesco Kelsell fkelsellk1@odnoklassniki.ru Male 24.107.90.159
723 Rosetta Franz-Schoninger rfranzschoningerk2@mediafire.com Female 18.155.136.103
724 Edy Denison edenisonk3@merriam-webster.com Female 144.99.208.83
725 Cecelia Pountney cpountneyk4@sbwire.com Female 171.201.183.111
726 Rita Beckles rbecklesk5@lycos.com Female 216.65.34.174
727 Caspar Zucker czuckerk6@time.com Male 160.93.168.194
728 Dimitri Howgate dhowgatek7@addtoany.com Male 230.48.174.199
729 Addy Micklewright amicklewrightk8@tumblr.com Female 72.8.35.231
730 Erich de Voiels edevoielsk9@163.com Male 209.204.135.86
731 Alica Wyllcocks awyllcockska@devhub.com Female 80.244.201.107
732 Rici Merrywether rmerrywetherkb@sitemeter.com Female 22.122.179.50
733 Noam Tattersill ntattersillkc@usa.gov Male 227.49.19.248
734 Ellene Probart eprobartkd@nasa.gov Female 143.88.98.24
735 Law Croal lcroalke@virginia.edu Male 63.79.169.7
736 Adele Ferruzzi aferruzzikf@unicef.org Female 133.125.241.57
737 Kori Parnham kparnhamkg@sourceforge.net Female 22.34.163.84
738 Bary Oldroyd boldroydkh@umn.edu Male 25.207.21.129
739 Kristos Monkton kmonktonki@github.io Male 27.152.137.250
740 Antons Garber agarberkj@51.la Male 103.98.223.106
741 Adorne Klejin aklejinkk@tinypic.com Female 145.230.25.91
742 Kirstin Stainbridge kstainbridgekl@theatlantic.com Female 3.224.24.89
743 Grenville Pitkins gpitkinskm@webeden.co.uk Male 77.64.35.68
744 Chrissy Smye csmyekn@friendfeed.com Male 140.166.140.186
745 Ruprecht Leall rleallko@deliciousdays.com Male 54.173.91.103
746 Carlin Pedden cpeddenkp@indiatimes.com Female 35.79.81.73
747 Maryjane Lightwing mlightwingkq@netscape.com Female 111.189.133.90
748 Dru Ruddock druddockkr@pen.io Polygender 233.122.88.175
749 Sherlocke MacGiany smacgianyks@phpbb.com Male 91.166.190.236
750 Ruperto Butcher rbutcherkt@arstechnica.com Male 15.1.122.215
751 Saree Carruth scarruthku@barnesandnoble.com Female 87.86.23.88
752 Hastings Benallack hbenallackkv@hibu.com Male 23.94.82.230
753 Lisle Daintree ldaintreekw@woothemes.com Male 252.155.32.179
754 Adlai McOrkil amcorkilkx@unesco.org Male 39.223.199.116
755 Livia Lawles llawlesky@wikispaces.com Female 36.136.60.155
756 Branden Matthewes bmattheweskz@domainmarket.com Male 118.69.10.204
757 Oliver Meak omeakl0@reverbnation.com Male 12.20.5.156
758 Minni Vasilechko mvasilechkol1@cnn.com Female 188.137.119.151
759 Fidole Gealy fgealyl2@usatoday.com Male 85.212.60.78
760 Josiah Hulstrom jhulstroml3@so-net.ne.jp Male 115.88.42.181
761 Symon Brundle sbrundlel4@samsung.com Male 202.244.115.95
762 Shaine Tonge stongel5@prlog.org Female 189.187.69.14
763 Roldan Kyberd rkyberdl6@trellian.com Male 236.4.185.188
764 Caresa Glasspool cglasspooll7@npr.org Female 208.62.204.156
765 Boonie Haselgrove bhaselgrovel8@godaddy.com Male 240.23.8.44
766 Web Dottrell wdottrelll9@telegraph.co.uk Male 42.232.147.120
767 Augustine Patek apatekla@imdb.com Genderfluid 217.162.219.200
768 Trstram Godleman tgodlemanlb@people.com.cn Male 165.48.164.24
769 Ermanno Lindner elindnerlc@berkeley.edu Male 27.92.234.223
770 Sheffie Longmaid slongmaidld@bbb.org Male 130.242.181.75
771 Allyson Reicherz areicherzle@homestead.com Female 202.221.116.26
772 Anestassia Spalding aspaldinglf@imgur.com Female 146.74.166.55
773 Kenyon Foro kforolg@cnn.com Male 113.168.73.255
774 Deena Bettaney dbettaneylh@i2i.jp Female 37.231.188.153
775 Cameron Woolham cwoolhamli@t-online.de Male 92.46.163.104
776 Allie Ball aballlj@cafepress.com Male 220.106.207.107
777 Lexis Lesmonde llesmondelk@army.mil Female 178.133.35.110
778 Wenonah Piotrowski wpiotrowskill@zdnet.com Female 86.19.54.237
779 Kacie O' Brian kobrianlm@instagram.com Female 185.95.100.207
780 Bertie Dameisele bdameiseleln@behance.net Female 201.58.2.112
781 Marley Lanaway mlanawaylo@xinhuanet.com Female 173.223.235.199
782 Lusa Reyes lreyeslp@ning.com Female 226.1.14.70
783 Aurilia Elham aelhamlq@behance.net Female 88.68.128.171
784 Evangelia Bremner ebremnerlr@google.ru Female 127.244.6.56
785 Florencia Gautrey fgautreyls@dedecms.com Female 100.206.7.87
786 Calv Agett cagettlt@lycos.com Male 41.242.79.209
787 Ailis Valenta avalentalu@mozilla.com Female 224.22.161.97
788 Riobard Claesens rclaesenslv@geocities.jp Male 204.189.194.23
789 Derk Southorn dsouthornlw@amazon.com Male 185.93.107.35
790 Denice Arguile darguilelx@twitpic.com Female 150.213.189.33
791 Eve Allchorne eallchornely@cyberchimps.com Female 102.160.16.242
792 Allan Alfuso aalfusolz@blogs.com Male 48.216.10.210
793 Reginald Corringham rcorringhamm0@addthis.com Male 135.225.220.173
794 Lenora Walsh lwalshm1@ucla.edu Female 254.90.71.221
795 Audre Atwool aatwoolm2@sciencedaily.com Female 133.120.39.100
796 Ernaline Saiens esaiensm3@tripod.com Female 227.247.12.220
797 Arney Reaman areamanm4@oracle.com Genderqueer 27.231.251.72
798 Ailsun Wolfinger awolfingerm5@chicagotribune.com Female 0.23.187.249
799 Bertrand Pavia bpaviam6@nifty.com Polygender 160.198.131.208
800 Layney Mc Coughan lmccoughanm7@wsj.com Genderfluid 59.6.19.41
801 Filip Dartnell fdartnellm8@hud.gov Male 192.24.195.81
802 Harwilll Nail hnailm9@i2i.jp Male 200.212.177.29
803 Cissy Willatts cwillattsma@hibu.com Female 242.228.197.84
804 Nolana Maysor nmaysormb@cdc.gov Female 159.188.183.9
805 Carlynne Ferebee cferebeemc@ning.com Female 186.75.91.151
806 Frasier Blogg fbloggmd@netscape.com Genderqueer 64.221.94.69
807 Pace Leach pleachme@fda.gov Male 186.194.21.247
808 Sibyl Dabernott sdabernottmf@goo.ne.jp Female 115.239.38.10
809 Oralia Manshaw omanshawmg@dmoz.org Female 101.69.177.210
810 Mabel McCudden mmccuddenmh@soundcloud.com Female 253.164.37.57
811 Kaia Keward kkewardmi@elpais.com Female 87.140.231.167
812 Burg Jessop bjessopmj@webs.com Male 236.0.210.255
813 Addie Mitham amithammk@ibm.com Female 82.181.215.33
814 Chery Kuhnt ckuhntml@chicagotribune.com Female 251.111.235.34
815 Sibbie Darragon sdarragonmm@marketwatch.com Female 53.61.101.196
816 Obie Matthensen omatthensenmn@instagram.com Male 179.143.138.236
817 Kent Filipiak kfilipiakmo@bigcartel.com Male 84.225.190.216
818 Wade Haskur whaskurmp@europa.eu Male 21.64.11.181
819 La verne Harrower lharrowermq@blogtalkradio.com Female 163.142.248.39
820 Edvard Fulker efulkermr@bandcamp.com Male 244.147.21.136
821 Murray Dacca mdaccams@mtv.com Male 131.44.250.233
822 Raleigh Grinter rgrintermt@clickbank.net Male 56.143.241.120
823 Stearne Gonnard sgonnardmu@ihg.com Male 99.100.254.163
824 Joycelin Maciunas jmaciunasmv@fema.gov Female 50.124.239.137
825 Aymer Playdon aplaydonmw@sohu.com Male 105.55.51.23
826 Koren Bonefant kbonefantmx@theatlantic.com Female 196.241.102.170
827 Ola Forgan oforganmy@linkedin.com Female 73.236.163.91
828 Massimiliano Cullivan mcullivanmz@t-online.de Male 116.46.240.230
829 Udale Beales ubealesn0@eepurl.com Male 32.28.167.246
830 Corella Linwood clinwoodn1@topsy.com Female 68.4.212.45
831 Cyndie Massenhove cmassenhoven2@slideshare.net Female 225.25.104.162
832 Tate Simmance tsimmancen3@ca.gov Female 113.170.175.154
833 Alika Matanin amataninn4@msu.edu Female 195.74.173.167
834 Ewell Stallybrass estallybrassn5@npr.org Male 110.65.142.218
835 Domenico Biever dbievern6@engadget.com Male 27.222.153.131
836 Roselin Pimm rpimmn7@ifeng.com Female 6.57.204.245
837 Chaunce Zarfati czarfatin8@g.co Genderqueer 162.121.103.106
838 Fairlie Gunderson fgundersonn9@cnn.com Male 98.94.11.200
839 Maren Torn mtornna@usda.gov Female 0.93.81.80
840 Celeste Leaver cleavernb@europa.eu Female 15.35.152.57
841 Peggy Hulance phulancenc@china.com.cn Female 80.65.145.21
842 Granthem Tipling gtiplingnd@spotify.com Male 171.155.117.255
843 Margaretta Keems mkeemsne@dion.ne.jp Female 189.174.119.211
844 Jamie Klementz jklementznf@phoca.cz Female 18.119.77.10
845 Stefan McRorie smcrorieng@dion.ne.jp Male 204.173.131.146
846 Gavan Harnwell gharnwellnh@bluehost.com Male 135.135.0.247
847 Eveline Aberdeen eaberdeenni@answers.com Genderqueer 252.83.240.115
848 Brander Gershom bgershomnj@fema.gov Male 160.40.21.205
849 Brandon Kilgour bkilgournk@businessweek.com Male 172.0.158.240
850 Kinna Rodear krodearnl@free.fr Female 225.63.1.163
851 Latrina Mussen lmussennm@slate.com Female 158.166.207.222
852 Even Crangle ecranglenn@techcrunch.com Male 198.48.107.218
853 Bent Wanjek bwanjekno@sogou.com Male 183.249.11.226
854 Max Llewellin mllewellinnp@phpbb.com Female 200.90.218.46
855 Dulcy De Biaggi ddebiagginq@digg.com Female 216.40.45.182
856 Brigg Linturn blinturnnr@washington.edu Male 74.113.8.50
857 Dalis Rawet drawetns@adobe.com Male 222.219.237.20
858 Kirstyn Reichert kreichertnt@chronoengine.com Female 163.200.239.77
859 Laraine Foggo lfoggonu@soup.io Female 13.255.149.230
860 Piotr Nickell pnickellnv@prnewswire.com Non-binary 35.184.251.33
861 Mellie Opdenort mopdenortnw@mapquest.com Polygender 212.54.23.244
862 Tabbie Bigham tbighamnx@engadget.com Male 131.146.24.164
863 Gayleen Elce gelceny@live.com Female 252.194.40.53
864 Carny Kaplan ckaplannz@imageshack.us Male 241.92.133.64
865 Portie Larder plardero0@newsvine.com Male 214.48.53.63
866 Sharona Ege segeo1@webnode.com Female 189.47.233.86
867 Osbourne Pfeifer opfeifero2@huffingtonpost.com Male 112.210.40.121
868 Sherwood Attwill sattwillo3@wix.com Genderfluid 184.145.188.234
869 Iolanthe Bowmaker ibowmakero4@ft.com Female 64.34.112.75
870 Aldus Cockton acocktono5@blogtalkradio.com Polygender 54.162.55.75
871 Seamus Duckham sduckhamo6@cmu.edu Male 36.32.248.106
872 Roxine Mincini rmincinio7@exblog.jp Female 224.144.123.152
873 Sonja Denslow sdenslowo8@photobucket.com Female 129.12.158.150
874 Anita Rodell arodello9@instagram.com Female 182.9.147.162
875 Monika Nolleau mnolleauoa@qq.com Female 194.66.172.19
876 Delphinia Kettell dkettellob@shareasale.com Female 100.205.27.10
877 Theda Challenor tchallenoroc@economist.com Female 6.212.198.229
878 Harp Storck hstorckod@ucsd.edu Male 146.204.215.82
879 Clerc MacArdle cmacardleoe@psu.edu Male 157.192.9.128
880 Olly Duignan oduignanof@infoseek.co.jp Female 101.44.166.146
881 Koralle Todaro ktodaroog@list-manage.com Female 235.4.52.75
882 Hyacinthie Edinburough hedinburoughoh@domainmarket.com Female 216.190.113.66
883 Paola Thuillier pthuillieroi@godaddy.com Female 98.101.254.222
884 Filbert Comoletti fcomolettioj@infoseek.co.jp Male 175.105.136.52
885 Bab Mordecai bmordecaiok@amazon.com Female 21.12.206.11
886 Arel Hacon ahaconol@illinois.edu Male 148.214.113.131
887 Michel Enrietto menriettoom@pinterest.com Female 120.254.7.92
888 Sibeal Dickson sdicksonon@e-recht24.de Female 211.224.179.227
889 Roderick Trowl rtrowloo@weebly.com Non-binary 34.143.132.97
890 Selle Guyet sguyetop@webmd.com Genderfluid 254.93.126.88
891 Editha Swabey eswabeyoq@topsy.com Female 238.248.154.210
892 Woodie Kless wklessor@sourceforge.net Male 186.38.145.242
893 Phillida Sailor psailoros@1688.com Female 61.7.126.50
894 Rosco Coverley rcoverleyot@squarespace.com Male 167.224.219.48
895 Cissy Brech cbrechou@army.mil Female 113.85.239.253
896 Reuven Huygens rhuygensov@tumblr.com Male 93.78.230.154
897 Steffen Planks splanksow@jiathis.com Male 202.125.216.222
898 Dianne Disbrow ddisbrowox@patch.com Genderqueer 206.105.30.176
899 Stillman Ciccotto sciccottooy@shop-pro.jp Male 97.119.87.77
900 Hieronymus Lightowlers hlightowlersoz@ebay.com Male 185.132.82.67
901 Janella Rathborne jrathbornep0@quantcast.com Female 200.70.18.194
902 Bettye Dilawey bdilaweyp1@myspace.com Female 136.145.81.219
903 Becka Baude bbaudep2@nsw.gov.au Female 32.127.203.234
904 Sully Dobbson sdobbsonp3@shareasale.com Male 207.36.73.82
905 Martica Frankling mfranklingp4@gmpg.org Agender 146.68.86.126
906 Fonzie Sworder fsworderp5@europa.eu Male 103.169.248.120
907 Allin Fenby afenbyp6@comcast.net Male 195.69.140.102
908 Toby Shirer tshirerp7@furl.net Male 188.235.54.106
909 Kirstin Rouch krouchp8@lulu.com Female 114.68.242.172
910 Corty Le Noire clenoirep9@ucla.edu Male 191.34.225.123
911 Donaugh Kline dklinepa@hao123.com Male 45.71.140.33
912 Yovonnda McKaile ymckailepb@vk.com Female 166.86.153.166
913 Sukey Johannesson sjohannessonpc@reddit.com Female 147.52.47.125
914 Rozele Nimmo rnimmopd@npr.org Female 184.1.87.152
915 Isadore Loyndon iloyndonpe@pcworld.com Male 88.170.223.244
916 Rick Chatwood rchatwoodpf@epa.gov Male 8.223.125.44
917 Darcy Krzyzowski dkrzyzowskipg@wikia.com Male 124.194.159.209
918 Dulce Sobieski dsobieskiph@a8.net Female 78.175.11.127
919 Colin Grandin cgrandinpi@amazon.co.jp Male 86.84.38.167
920 Roman Machel rmachelpj@livejournal.com Male 219.151.93.251
921 Gerard Eborall geborallpk@pen.io Male 210.211.53.173
922 Roda Stoeckle rstoecklepl@symantec.com Female 54.169.130.238
923 Fina Plester fplesterpm@si.edu Female 82.114.207.175
924 Ashby Golton agoltonpn@youtu.be Male 199.192.89.125
925 Karel Glendining kglendiningpo@ucla.edu Male 201.159.75.8
926 Andreas Ivan aivanpp@sphinn.com Male 42.131.140.4
927 Marcelle April maprilpq@ycombinator.com Female 89.94.95.117
928 Mandel Bumphries mbumphriespr@economist.com Male 45.85.19.19
929 Kelwin Casbolt kcasboltps@chicagotribune.com Male 45.80.98.147
930 Dara Willatts dwillattspt@google.nl Female 42.200.31.91
931 Phelia Antoniewski pantoniewskipu@wikia.com Agender 52.253.39.183
932 Chantal Cheng cchengpv@ezinearticles.com Female 199.8.237.19
933 Whitman Banghe wbanghepw@statcounter.com Male 90.70.177.245
934 Jody Fetherstonhaugh jfetherstonhaughpx@aol.com Female 140.202.166.20
935 Bryna Cawte bcawtepy@hubpages.com Female 42.98.252.75
936 Oby Blunsden oblunsdenpz@qq.com Male 42.197.198.88
937 Cornelle Aps capsq0@whitehouse.gov Female 77.79.89.222
938 Berry Stapylton bstapyltonq1@cbc.ca Female 68.171.16.206
939 See Itzchaki sitzchakiq2@elpais.com Male 138.160.112.77
940 Baldwin Edeson bedesonq3@usgs.gov Male 225.97.199.21
941 Correy Soigne csoigneq4@ocn.ne.jp Female 193.167.123.133
942 Shaina Standrin sstandrinq5@elpais.com Female 235.93.233.239
943 Chadwick Murrigan cmurriganq6@accuweather.com Male 242.184.143.54
944 Timofei Yoxall tyoxallq7@ebay.co.uk Male 142.185.45.232
945 Sherwin Haines shainesq8@free.fr Male 133.80.242.9
946 Philipa Penrose ppenroseq9@sohu.com Female 249.66.35.49
947 Julianne Flatte jflatteqa@mlb.com Female 55.55.202.22
948 Samson Earie searieqb@youtu.be Male 13.27.43.141
949 Dominick Shawe dshaweqc@marketwatch.com Male 252.179.34.232
950 Lisle Helgass lhelgassqd@altervista.org Male 145.204.218.161
951 Tyrus Skarin tskarinqe@blinklist.com Male 134.20.65.140
952 Cristin Holde choldeqf@nhs.uk Female 223.17.199.130
953 Horace Gelder hgelderqg@bbc.co.uk Male 38.235.71.6
954 Lyndsey Beardsell lbeardsellqh@apache.org Female 253.11.131.67
955 Gareth Suddock gsuddockqi@craigslist.org Male 156.65.142.129
956 Lorens Haswall lhaswallqj@netlog.com Male 60.153.140.128
957 Herta Balle hballeqk@mapy.cz Female 251.112.230.138
958 Mair Wrinch mwrinchql@google.ca Female 225.181.156.56
959 Shaylah Dwine sdwineqm@ebay.co.uk Female 101.70.14.167
960 Bing Dockreay bdockreayqn@china.com.cn Male 34.96.140.99
961 Art O' Culligan aoculliganqo@washington.edu Male 109.106.197.146
962 Kristofor Leyman kleymanqp@ft.com Male 33.91.224.81
963 Jonell Rabjohns jrabjohnsqq@prlog.org Female 172.173.67.183
964 Angus Floyed afloyedqr@ca.gov Male 70.140.98.67
965 Anya Monketon amonketonqs@bloglovin.com Female 107.124.105.180
966 Westbrooke Wilsee wwilseeqt@instagram.com Male 75.11.191.38
967 Tawsha Alesio talesioqu@macromedia.com Female 85.202.7.126
968 Carmela Bartoszinski cbartoszinskiqv@fema.gov Female 56.248.94.65
969 Joann Thurstan jthurstanqw@ucoz.com Bigender 250.101.166.134
970 Coriss Pymar cpymarqx@yandex.ru Female 53.139.177.143
971 Allie Dewan adewanqy@unicef.org Male 228.170.179.119
972 Mariska Rawlingson mrawlingsonqz@sphinn.com Female 113.211.141.93
973 Gleda Leadston gleadstonr0@youtu.be Female 155.128.10.4
974 Kristine Gullane kgullaner1@hugedomains.com Female 163.233.62.107
975 Glennis Kibblewhite gkibblewhiter2@hostgator.com Female 96.107.122.113
976 Fenelia Dyet fdyetr3@goo.ne.jp Female 241.33.156.238
977 Marena Marques mmarquesr4@mozilla.com Female 123.126.7.155
978 Tyrus Salway tsalwayr5@bing.com Male 33.27.4.181
979 Gwenora Le feaver glefeaverr6@illinois.edu Female 253.36.210.76
980 Cedric Radnage cradnager7@nature.com Male 72.238.47.48
981 Monroe Dunstan mdunstanr8@narod.ru Male 229.65.195.127
982 Violetta Willimott vwillimottr9@usda.gov Female 128.63.97.174
983 Rhodie Takkos rtakkosra@canalblog.com Female 121.116.105.194
984 Myer Adelman madelmanrb@ustream.tv Polygender 105.225.35.109
985 Desiree Kuhl dkuhlrc@zdnet.com Female 137.108.101.56
986 Juliana Mc Pake jmcpakerd@chron.com Female 75.135.74.198
987 Zora Jouhan zjouhanre@csmonitor.com Bigender 66.43.212.85
988 Roana Lingner rlingnerrf@live.com Female 244.66.80.50
989 Pearle Poile ppoilerg@posterous.com Female 43.188.92.183
990 Cristi Tick ctickrh@reddit.com Female 47.85.176.117
991 Caesar Habbema chabbemari@umich.edu Male 15.167.161.182
992 Merrily Mutch mmutchrj@jugem.jp Female 244.230.244.194
993 Armin Gyurko agyurkork@storify.com Male 6.15.4.237
994 Dody Benham dbenhamrl@uol.com.br Genderqueer 120.224.35.82
995 Marja Kingwell mkingwellrm@eventbrite.com Female 80.84.116.215
996 Paolina Inglefield pinglefieldrn@gizmodo.com Female 36.19.197.113
997 Denise Pancast dpancastro@cnn.com Female 27.190.215.17
998 Damita Neiland dneilandrp@eventbrite.com Female 57.161.109.34
999 Tildy Earthfield tearthfieldrq@redcross.org Polygender 169.68.56.41
1000 Marie-jeanne Allom mallomrr@google.de Female 119.60.153.63
